accuracy,precision,recall,f1_score
0.7559319862947901,0.7096841713516457,0.7559319862947901,0.7140516539855014
